intersection_node_id,latitude,longitude,relative_risk_tier,relative_risk_percentile,recent_crash_history,key_road_features,top_3_model_signals,short_explanation,candidate_safety_measures,limitation_caution
42443116,40.8027638,-73.9335768,Highest-priority (top 10%),100.0,Last 4 weeks: 3.0 crash(es); weeks since last crash: 2,"Street count: 4, class: traffic_signals",latitude=40.8027638; crashes_last_8w=5.0; street_count=4,"Ranked Highest-priority (top 10%) relative to other intersections in this period, based mainly on recent crash history and connecting road characteristics.",Review whether signal or stop control is warranted,Model output is not exposure-normalized and does not prove causation. Candidate measures require site review and external road-safety evidence before any action is taken.
62915549,40.7619764,-74.0010599,Highest-priority (top 10%),96.0,Last 4 weeks: 3.0 crash(es); weeks since last crash: 0,"Street count: 4, class: traffic_signals",latitude=40.7619764; crashes_last_8w=5.0; street_count=4,"Ranked Highest-priority (top 10%) relative to other intersections in this period, based mainly on recent crash history and connecting road characteristics.",Review whether signal or stop control is warranted,Model output is not exposure-normalized and does not prove causation. Candidate measures require site review and external road-safety evidence before any action is taken.
42434134,40.8034339,-73.9330811,Highest-priority (top 10%),92.0,Last 4 weeks: 1.0 crash(es); weeks since last crash: 0,"Street count: 4, class: traffic_signals",latitude=40.8034339; street_count=4; crashes_last_8w=4.0,"Ranked Highest-priority (top 10%) relative to other intersections in this period, based mainly on recent crash history and connecting road characteristics.",Review whether signal or stop control is warranted,Model output is not exposure-normalized and does not prove causation. Candidate measures require site review and external road-safety evidence before any action is taken.
4779073679,40.7832515,-73.9447201,Highest-priority (top 10%),88.0,Last 4 weeks: 2.0 crash(es); weeks since last crash: 0,"Street count: 5, class: traffic_signals",latitude=40.7832515; street_count=5; crashes_last_8w=3.0,"Ranked Highest-priority (top 10%) relative to other intersections in this period, based mainly on recent crash history and connecting road characteristics.",Review whether signal or stop control is warranted,Model output is not exposure-normalized and does not prove causation. Candidate measures require site review and external road-safety evidence before any action is taken.
42427316,40.7180188,-73.9999527,Highest-priority (top 10%),84.0,Last 4 weeks: 1.0 crash(es); weeks since last crash: 1,"Street count: 4, class: missing",latitude=40.7180188; street_count=4; crashes_last_8w=4.0,"Ranked Highest-priority (top 10%) relative to other intersections in this period, based mainly on recent crash history and connecting road characteristics.",Review whether signal or stop control is warranted,Model output is not exposure-normalized and does not prove causation. Candidate measures require site review and external road-safety evidence before any action is taken.
4207962275,40.7963136,-73.9382919,Highest-priority (top 10%),80.0,Last 4 weeks: 1.0 crash(es); weeks since last crash: 3,"Street count: 4, class: traffic_signals",latitude=40.7963136; street_count=4; crashes_last_8w=4.0,"Ranked Highest-priority (top 10%) relative to other intersections in this period, based mainly on recent crash history and connecting road characteristics.",Review whether signal or stop control is warranted,Model output is not exposure-normalized and does not prove causation. Candidate measures require site review and external road-safety evidence before any action is taken.
42450071,40.7979386,-73.9400272,Highest-priority (top 10%),76.0,Last 4 weeks: 2.0 crash(es); weeks since last crash: 2,"Street count: 4, class: traffic_signals",latitude=40.7979386; street_count=4; crashes_last_8w=4.0,"Ranked Highest-priority (top 10%) relative to other intersections in this period, based mainly on recent crash history and connecting road characteristics.",Review whether signal or stop control is warranted,Model output is not exposure-normalized and does not prove causation. Candidate measures require site review and external road-safety evidence before any action is taken.
42440804,40.7165497,-73.9969875,Highest-priority (top 10%),72.0,Last 4 weeks: 2.0 crash(es); weeks since last crash: 2,"Street count: 5, class: traffic_signals",latitude=40.7165497; street_count=5; crashes_last_8w=3.0,"Ranked Highest-priority (top 10%) relative to other intersections in this period, based mainly on recent crash history and connecting road characteristics.",Review whether signal or stop control is warranted,Model output is not exposure-normalized and does not prove causation. Candidate measures require site review and external road-safety evidence before any action is taken.
42437663,40.7534078,-73.9963175,Highest-priority (top 10%),68.0,Last 4 weeks: 0.0 crash(es); weeks since last crash: 4,"Street count: 4, class: traffic_signals",latitude=40.7534078; weeks_since_last_crash=4; street_count=4,"Ranked Highest-priority (top 10%) relative to other intersections in this period, based mainly on recent crash history and connecting road characteristics.",Review whether signal or stop control is warranted,Model output is not exposure-normalized and does not prove causation. Candidate measures require site review and external road-safety evidence before any action is taken.
42435707,40.7647981,-73.9842688,Highest-priority (top 10%),64.0,Last 4 weeks: 2.0 crash(es); weeks since last crash: 0,"Street count: 4, class: traffic_signals",latitude=40.7647981; street_count=4; crashes_last_8w=4.0,"Ranked Highest-priority (top 10%) relative to other intersections in this period, based mainly on recent crash history and connecting road characteristics.",Review whether signal or stop control is warranted,Model output is not exposure-normalized and does not prove causation. Candidate measures require site review and external road-safety evidence before any action is taken.
42437654,40.7510092,-73.9906121,Highest-priority (top 10%),60.0,Last 4 weeks: 1.0 crash(es); weeks since last crash: 2,"Street count: 4, class: traffic_signals",latitude=40.7510092; street_count=4; crashes_last_8w=4.0,"Ranked Highest-priority (top 10%) relative to other intersections in this period, based mainly on recent crash history and connecting road characteristics.",Review whether signal or stop control is warranted,Model output is not exposure-normalized and does not prove causation. Candidate measures require site review and external road-safety evidence before any action is taken.
42452067,40.7181637,-73.993839,Elevated relative risk,56.0,Last 4 weeks: 0.0 crash(es); weeks since last crash: 4,"Street count: 4, class: missing",latitude=40.7181637; weeks_since_last_crash=4; street_count=4,"Ranked Elevated relative risk relative to other intersections in this period, based mainly on recent crash history and connecting road characteristics.",Review whether signal or stop control is warranted,Model output is not exposure-normalized and does not prove causation. Candidate measures require site review and external road-safety evidence before any action is taken.
42424089,40.7606212,-73.9643559,Elevated relative risk,52.0,Last 4 weeks: 0.0 crash(es); weeks since last crash: 4,"Street count: 5, class: traffic_signals",latitude=40.7606212; street_count=5; weeks_since_last_crash=4,"Ranked Elevated relative risk relative to other intersections in this period, based mainly on recent crash history and connecting road characteristics.",Review whether signal or stop control is warranted,Model output is not exposure-normalized and does not prove causation. Candidate measures require site review and external road-safety evidence before any action is taken.
42456115,40.7960087,-73.9354016,Elevated relative risk,48.0,Last 4 weeks: 2.0 crash(es); weeks since last crash: 0,"Street count: 4, class: traffic_signals",latitude=40.7960087; street_count=4; crashes_last_8w=3.0,"Ranked Elevated relative risk relative to other intersections in this period, based mainly on recent crash history and connecting road characteristics.",Review whether signal or stop control is warranted,Model output is not exposure-normalized and does not prove causation. Candidate measures require site review and external road-safety evidence before any action is taken.
42455751,40.7589842,-73.9959405,Elevated relative risk,44.0,Last 4 weeks: 2.0 crash(es); weeks since last crash: 0,"Street count: 4, class: traffic_signals",latitude=40.7589842; street_count=4; crashes_last_8w=4.0,"Ranked Elevated relative risk relative to other intersections in this period, based mainly on recent crash history and connecting road characteristics.",Review whether signal or stop control is warranted,Model output is not exposure-normalized and does not prove causation. Candidate measures require site review and external road-safety evidence before any action is taken.
1773076511,40.7203018,-73.9939937,Elevated relative risk,40.0,Last 4 weeks: 1.0 crash(es); weeks since last crash: 2,"Street count: 5, class: missing",latitude=40.7203018; street_count=5; crashes_last_8w=3.0,"Ranked Elevated relative risk relative to other intersections in this period, based mainly on recent crash history and connecting road characteristics.",Review whether signal or stop control is warranted,Model output is not exposure-normalized and does not prove causation. Candidate measures require site review and external road-safety evidence before any action is taken.
42437693,40.7520747,-74.0009801,Elevated relative risk,36.0,Last 4 weeks: 2.0 crash(es); weeks since last crash: 2,"Street count: 4, class: traffic_signals",latitude=40.7520747; street_count=4; crashes_last_8w=3.0,"Ranked Elevated relative risk relative to other intersections in this period, based mainly on recent crash history and connecting road characteristics.",Review whether signal or stop control is warranted,Model output is not exposure-normalized and does not prove causation. Candidate measures require site review and external road-safety evidence before any action is taken.
42445378,40.7457391,-73.978127,Elevated relative risk,32.0,Last 4 weeks: 2.0 crash(es); weeks since last crash: 0,"Street count: 4, class: missing",latitude=40.7457391; street_count=4; crashes_last_8w=4.0,"Ranked Elevated relative risk relative to other intersections in this period, based mainly on recent crash history and connecting road characteristics.",Review whether signal or stop control is warranted,Model output is not exposure-normalized and does not prove causation. Candidate measures require site review and external road-safety evidence before any action is taken.
42423020,40.7460796,-73.9749393,Elevated relative risk,28.0,Last 4 weeks: 2.0 crash(es); weeks since last crash: 0,"Street count: 5, class: traffic_signals",latitude=40.7460796; street_count=5; crashes_last_8w=2.0,"Ranked Elevated relative risk relative to other intersections in this period, based mainly on recent crash history and connecting road characteristics.",Review whether signal or stop control is warranted,Model output is not exposure-normalized and does not prove causation. Candidate measures require site review and external road-safety evidence before any action is taken.
4557517549,40.7515074,-73.9977245,Elevated relative risk,24.0,Last 4 weeks: 2.0 crash(es); weeks since last crash: 0,"Street count: 4, class: traffic_signals",latitude=40.7515074; street_count=4; crashes_last_8w=3.0,"Ranked Elevated relative risk relative to other intersections in this period, based mainly on recent crash history and connecting road characteristics.",Review whether signal or stop control is warranted,Model output is not exposure-normalized and does not prove causation. Candidate measures require site review and external road-safety evidence before any action is taken.
42444991,40.7571536,-73.9935785,Elevated relative risk,20.0,Last 4 weeks: 2.0 crash(es); weeks since last crash: 0,"Street count: 4, class: traffic_signals",latitude=40.7571536; street_count=4; crashes_last_8w=4.0,"Ranked Elevated relative risk relative to other intersections in this period, based mainly on recent crash history and connecting road characteristics.",Review whether signal or stop control is warranted,Model output is not exposure-normalized and does not prove causation. Candidate measures require site review and external road-safety evidence before any action is taken.
42444458,40.8037065,-73.9358291,Elevated relative risk,16.0,Last 4 weeks: 1.0 crash(es); weeks since last crash: 3,"Street count: 4, class: traffic_signals",latitude=40.8037065; street_count=4; weeks_since_last_crash=3,"Ranked Elevated relative risk relative to other intersections in this period, based mainly on recent crash history and connecting road characteristics.",Review whether signal or stop control is warranted,Model output is not exposure-normalized and does not prove causation. Candidate measures require site review and external road-safety evidence before any action is taken.
42444457,40.8043802,-73.9374253,Elevated relative risk,12.0,Last 4 weeks: 3.0 crash(es); weeks since last crash: 0,"Street count: 4, class: traffic_signals",latitude=40.8043802; street_count=4; crashes_last_8w=3.0,"Ranked Elevated relative risk relative to other intersections in this period, based mainly on recent crash history and connecting road characteristics.",Review whether signal or stop control is warranted,Model output is not exposure-normalized and does not prove causation. Candidate measures require site review and external road-safety evidence before any action is taken.
42437363,40.7560361,-73.9869489,Elevated relative risk,8.0,Last 4 weeks: 1.0 crash(es); weeks since last crash: 2,"Street count: 4, class: traffic_signals",latitude=40.7560361; street_count=4; crashes_last_8w=3.0,"Ranked Elevated relative risk relative to other intersections in this period, based mainly on recent crash history and connecting road characteristics.",Review whether signal or stop control is warranted,Model output is not exposure-normalized and does not prove causation. Candidate measures require site review and external road-safety evidence before any action is taken.
42447199,40.7986336,-73.9416222,Elevated relative risk,4.0,Last 4 weeks: 2.0 crash(es); weeks since last crash: 0,"Street count: 4, class: traffic_signals",latitude=40.7986336; street_count=4; crashes_last_8w=3.0,"Ranked Elevated relative risk relative to other intersections in this period, based mainly on recent crash history and connecting road characteristics.",Review whether signal or stop control is warranted,Model output is not exposure-normalized and does not prove causation. Candidate measures require site review and external road-safety evidence before any action is taken.
