mean_predicted_probability,observed_positive_fraction,calibration_gap
0.03015601856197865,0.008956059333893087,-0.02119995922808556
0.08230737869186319,0.015113350125944584,-0.0671940285659186
0.14985832909126087,0.021270640917996082,-0.1285876881732648
0.22667583403767574,0.02714805485586342,-0.19952777918181233
0.3010375580005849,0.0341545352743561,-0.2668830227262288
0.37281981915229045,0.0484186957738595,-0.32440112337843097
0.4458237461563752,0.05711086226203808,-0.3887128838943371
0.518511697264456,0.06017352364959418,-0.45833817361486184
0.6000887488197784,0.08872096277637839,-0.5113677860433999
0.7094448908710914,0.1329415057374755,-0.5765033851336159
