feature,importance_mean,importance_std
latitude,0.02122551563868625,0.00338093761334853
longitude,0.01702100669710922,0.00446018357044492
max_connecting_lanes,0.014055505675414252,0.0012402720276967305
weeks_since_last_crash,0.009634504925308637,0.003405597014263661
road_class,0.006186425950114718,0.0039300809990183636
street_count,0.005831165572027963,0.003041788979151824
crashes_last_8w,0.0042165468195194174,0.002288184613963623
current_week_mean_pressure_hpa,0.0015758726190824913,0.001387860339207858
max_connecting_speed_limit,0.001460032284230839,0.0011409729727075576
node_highway,0.001337199906567077,0.001886385908468793
week_of_year_cos,0.0008604133039214091,0.0010660692204734691
touches_oneway_street,0.000725432714344354,0.0010598890910887564
crashes_last_1w,0.000667968369384464,0.00037728901223547386
is_traffic_signal,0.00039261476195455447,0.0012748833101621528
week_of_year_sin,0.00033136921394648355,0.0010693670340740059
current_week_mean_temperature_c,-0.0004635163187818148,0.0017616165258155236
cyclist_casualty_crashes_last_8w,-0.0006780140752331492,0.000312759292003619
current_week_max_wind_speed_kmh,-0.0007524593078975211,0.0011372978751448743
current_week_total_precipitation_mm,-0.0009211626350194319,0.0020726339353463285
injuries_last_4w,-0.002722623065082913,0.0010138834837496436
current_week_mean_relative_humidity_pct,-0.0029251916367858148,0.001024953823671023
pedestrian_casualty_crashes_last_8w,-0.0033915287496407128,0.0010775093412179085
crashes_last_4w,-0.005037995457027236,0.0006909354585372972
